{
  "port_cum": 1.3296223964803016,
  "bench_cum": 0.4002010459608676,
  "excess_cum": 0.6637770720144207,
  "port_ann": 0.10476693059196918,
  "bench_ann": 0.04045425870296793,
  "excess_ann": 0.06181210884673938,
  "port_vol": 0.22920050233763262,
  "bench_vol": 0.22803042645701868,
  "excess_vol": 0.15069507980832633,
  "sharpe": 0.457097299191946,
  "information_ratio": 0.3954092560532123,
  "beta": 0.786779632529211,
  "alpha": 0.07293834379540642,
  "correlation": 0.7827630973908,
  "max_drawdown": 0.4081367880611921
}