{
  "cum_return": 1.3296223964803016,
  "ann_return": 0.10430582804872213,
  "ann_vol": 0.22875979320306247,
  "sharpe": 0.45596224138974156,
  "max_drawdown": 0.4081367880611921
}